Time,Coin,Quantity,Description
2021-05-11 14:08:04.344445,USD,3088.88000000,Circle deposit
2021-05-11 14:08:04.344445,USD,-89.88000000,Circle deposit fee
2021-05-11 14:30:35.583218,USD,-80.63800000,spot_quote
2021-05-11 14:30:35.583218,CEL,-0.00805000,spot_fee
2021-05-11 14:30:35.583218,CEL,11.50000000,spot_base
2021-05-11 14:31:40.635447,CEL,12.30000000,spot_base
2021-05-11 14:31:40.635447,CEL,403.80000000,spot_base
2021-05-11 14:31:40.635447,CEL,-0.00861000,spot_fee
2021-05-11 14:31:40.635447,CEL,-0.28266000,spot_fee
2021-05-11 14:31:40.635447,USD,-86.24145000,spot_quote
2021-05-11 14:31:40.635447,USD,-2832.05130000,spot_quote
2021-05-14 02:27:35.870651,EUR,860.84000000,fiat_deposit 68957
2021-05-14 07:20:35.997919,EUR,-860.84000000,spot_base
2021-05-14 07:20:35.997919,USD,1036.88349307,spot_quote
2021-05-14 15:00:18.927200,CEL,20.00000000,spot_base
2021-05-14 15:00:18.927200,CEL,-0.01400000,spot_fee
2021-05-14 15:00:18.927200,USD,-146.53000000,spot_quote
2021-05-14 15:36:59.475463,CEL,-0.00658000,spot_fee
2021-05-14 15:36:59.475463,CEL,-0.01442000,spot_fee
2021-05-14 15:36:59.475463,CEL,9.40000000,spot_base
2021-05-14 15:36:59.475463,CEL,20.60000000,spot_base
2021-05-14 15:36:59.475463,USD,-69.53650000,spot_quote
2021-05-14 15:36:59.475463,USD,-152.44000000,spot_quote
2021-05-14 21:32:45.056591,USD,-150.33880000,spot_quote
2021-05-14 21:32:45.056591,CEL,20.60000000,spot_base
2021-05-14 21:32:45.056591,CEL,-0.01442000,spot_fee
2021-05-15 06:48:51.816182,USD,-133.20000000,spot_quote
2021-05-15 06:48:51.816182,CEL,18.50000000,spot_base
2021-05-15 06:48:51.816182,CEL,-0.00370000,spot_fee
2021-05-15 06:50:58.756612,CEL,18.70000000,spot_base
2021-05-15 06:50:58.756612,USD,-133.70500000,spot_quote
2021-05-15 06:50:58.756612,CEL,-0.00374000,spot_fee
2021-05-15 07:29:10.290627,CEL,16.90000000,spot_base
2021-05-15 07:29:10.290627,CEL,-0.00338000,spot_fee
2021-05-15 07:29:10.290627,USD,-119.99000000,spot_quote
2021-05-15 07:33:27.827559,CEL,18.40000000,spot_base
2021-05-15 07:33:27.827559,USD,-130.75960000,spot_quote
2021-05-15 07:33:27.827559,CEL,-0.01288000,spot_fee
2021-05-15 08:24:24.516833,USD,20.00000000,deposit 4291910
2021-05-15 08:58:25.506192,USD,1980.00000000,deposit 4293337
2021-05-15 10:03:44.400587,SNX,0.10000000,spot_base
2021-05-15 10:03:44.400587,USD,-2.14500000,spot_quote
2021-05-15 10:03:44.400587,SNX,-0.00002000,spot_fee
2021-05-15 10:03:45.123405,SNX,0.10000000,spot_base
2021-05-15 10:03:45.123405,USD,-2.14500000,spot_quote
2021-05-15 10:03:45.123405,SNX,-0.00002000,spot_fee
2021-05-15 10:03:46.253336,SNX,0.20000000,spot_base
2021-05-15 10:03:46.253336,USD,-4.29000000,spot_quote
2021-05-15 10:03:46.253336,SNX,-0.00004000,spot_fee
2021-05-15 10:03:47.086595,SNX,0.10000000,spot_base
2021-05-15 10:03:47.086595,USD,-2.14500000,spot_quote
2021-05-15 10:03:47.086595,SNX,-0.00002000,spot_fee
2021-05-15 10:03:50.970724,SNX,0.10000000,spot_base
2021-05-15 10:03:50.970724,USD,-2.14500000,spot_quote
2021-05-15 10:03:50.970724,SNX,-0.00002000,spot_fee
2021-05-15 10:03:52.036050,SNX,0.10000000,spot_base
2021-05-15 10:03:52.036050,USD,-2.14500000,spot_quote
2021-05-15 10:03:52.036050,SNX,-0.00002000,spot_fee
2021-05-15 10:03:53.172777,SNX,-0.00002000,spot_fee
2021-05-15 10:03:53.172777,SNX,0.10000000,spot_base
2021-05-15 10:03:53.172777,USD,-2.14500000,spot_quote
2021-05-15 10:03:55.621198,SNX,-0.00002000,spot_fee
2021-05-15 10:03:55.621198,SNX,0.10000000,spot_base
2021-05-15 10:03:55.621198,USD,-2.14500000,spot_quote
2021-05-15 10:03:57.484367,SNX,0.10000000,spot_base
2021-05-15 10:03:57.484367,USD,-2.14500000,spot_quote
2021-05-15 10:03:57.484367,SNX,-0.00002000,spot_fee
2021-05-15 10:03:59.518707,SNX,0.10000000,spot_base
2021-05-15 10:03:59.518707,USD,-2.14500000,spot_quote
2021-05-15 10:03:59.518707,SNX,-0.00002000,spot_fee
2021-05-15 10:04:02.961925,SNX,0.10000000,spot_base
2021-05-15 10:04:02.961925,USD,-2.14500000,spot_quote
2021-05-15 10:04:02.961925,SNX,-0.00002000,spot_fee
2021-05-15 10:04:03.383008,SNX,-0.00002000,spot_fee
2021-05-15 10:04:03.383008,SNX,0.10000000,spot_base
2021-05-15 10:04:03.383008,USD,-2.14500000,spot_quote
2021-05-15 10:04:03.729445,SNX,0.50000000,spot_base
2021-05-15 10:04:03.729445,USD,-10.72500000,spot_quote
2021-05-15 10:04:03.729445,SNX,-0.00010000,spot_fee
2021-05-15 10:04:03.934182,SNX,0.20000000,spot_base
2021-05-15 10:04:03.934182,SNX,-0.00004000,spot_fee
2021-05-15 10:04:03.934182,USD,-4.29000000,spot_quote
2021-05-15 10:04:04.131521,SNX,0.10000000,spot_base
2021-05-15 10:04:04.131521,USD,-2.14500000,spot_quote
2021-05-15 10:04:04.131521,SNX,-0.00002000,spot_fee
2021-05-15 10:04:04.347900,SNX,-0.00100000,spot_fee
2021-05-15 10:04:04.347900,SNX,5.00000000,spot_base
2021-05-15 10:04:04.347900,USD,-107.25000000,spot_quote
2021-05-15 10:04:04.348305,SNX,-0.00058000,spot_fee
2021-05-15 10:04:04.348305,SNX,2.90000000,spot_base
2021-05-15 10:04:04.348305,USD,-62.20500000,spot_quote
2021-05-15 10:10:12.134129,SNX,12.50000000,spot_base
2021-05-15 10:10:12.134129,SNX,-0.00250000,spot_fee
2021-05-15 10:10:12.134129,USD,-266.25000000,spot_quote
2021-05-15 10:14:48.274829,USD,-303.16000000,spot_quote
2021-05-15 10:14:48.274829,SNX,14.30000000,spot_base
2021-05-15 10:14:48.274829,SNX,-0.00286000,spot_fee
2021-05-15 10:17:53.942836,SNX,14.40000000,spot_base
2021-05-15 10:17:53.942836,USD,-302.40000000,spot_quote
2021-05-15 10:17:53.942836,SNX,-0.00288000,spot_fee
2021-05-15 10:26:47.626386,SNX,13.10000000,spot_base
2021-05-15 10:26:47.626386,SNX,-0.00262000,spot_fee
2021-05-15 10:26:47.626386,USD,-273.79000000,spot_quote
2021-05-15 10:27:17.707323,USD,-222.56000000,spot_quote
2021-05-15 10:27:17.707323,SNX,-0.00214000,spot_fee
2021-05-15 10:27:17.707323,SNX,10.70000000,spot_base
2021-05-15 10:28:07.266344,USD,-165.60000000,spot_quote
2021-05-15 10:28:07.266344,SNX,-0.00160000,spot_fee
2021-05-15 10:28:07.266344,SNX,8.00000000,spot_base
2021-05-15 10:29:43.129087,SNX,-0.00847000,spot_fee
2021-05-15 10:29:43.129087,SNX,12.10000000,spot_base
2021-05-15 10:29:43.129087,USD,-251.61345000,spot_quote
2021-05-15 10:37:54.551348,SNX,-95.07493000,withdrawal 2984230
2021-05-18 08:57:13.440668,CEL,-5.00000000,withdrawal 3061099
2021-05-18 20:24:37.913971,CEL,-565.32756000,withdrawal 3077949
2021-05-21 21:01:24.834452,USD,2348.41000000,Circle deposit
2021-05-21 21:01:24.834452,USD,-68.40000000,Circle deposit fee
2021-05-23 06:30:54.415950,ETH,0.00000220,spot_fee
2021-05-23 06:30:54.415950,ETH,0.02200000,spot_base
2021-05-23 06:30:54.415950,USD,-48.40000000,spot_quote
2021-05-23 07:18:45.568422,ETH,0.00000450,spot_fee
2021-05-23 07:18:45.568422,ETH,0.04500000,spot_base
2021-05-23 07:18:45.568422,USD,-98.10000000,spot_quote
2021-05-23 07:45:08.416105,USD,-97.20000000,spot_quote
2021-05-23 07:45:08.416105,BTC,0.00270000,spot_base
2021-05-23 07:45:08.416105,BTC,2.7E-7,spot_fee
2021-05-23 07:49:46.840342,ETH,0.00000930,spot_fee
2021-05-23 07:49:46.840342,ETH,0.09300000,spot_base
2021-05-23 07:49:46.840342,USD,-199.95000000,spot_quote
2021-05-23 07:52:05.323242,BTC,0.00560000,spot_base
2021-05-23 07:52:05.323242,BTC,5.6E-7,spot_fee
2021-05-23 07:52:05.323242,USD,-199.36000000,spot_quote
2021-05-23 07:52:08.211646,ETH,0.00001400,spot_fee
2021-05-23 07:52:08.211646,ETH,0.14000000,spot_base
2021-05-23 07:52:08.211646,USD,-298.20000000,spot_quote
2021-05-23 08:15:40.042745,ETH,0.19000000,spot_base
2021-05-23 08:15:40.042745,ETH,0.11600000,spot_base
2021-05-23 08:15:40.042745,ETH,0.00001900,spot_fee
2021-05-23 08:15:40.042745,ETH,0.00001160,spot_fee
2021-05-23 08:15:40.042745,USD,-399.00000000,spot_quote
2021-05-23 08:15:40.042745,USD,-240.12000000,spot_quote
2021-05-23 08:15:52.232357,BTC,0.01140000,spot_base
2021-05-23 08:15:52.232357,BTC,0.00000114,spot_fee
2021-05-23 08:15:52.232357,USD,-399.00000000,spot_quote
2021-05-23 08:16:58.417544,BTC,0.00870000,spot_base
2021-05-23 08:16:58.417544,BTC,8.7E-7,spot_fee
2021-05-23 08:16:58.417544,USD,-300.15000000,spot_quote
2021-05-31 07:02:02.589161,ETH,-0.01000000,withdrawal 3409090
2021-05-31 07:03:25.977117,BTC,-0.00100000,withdrawal 3409111
2021-05-31 07:12:23.333449,ETH,-0.59606060,withdrawal 3409250
2021-05-31 07:23:16.982371,BTC,-0.02740284,withdrawal 3409423
2021-06-02 21:15:53.785063,EUR,489.30000000,fiat_deposit 90981
2021-06-02 21:53:07.914247,EUR,-489.30000000,spot_base
2021-06-02 21:53:07.914247,USD,593.84157254,spot_quote
2021-06-02 21:53:46.960397,CEL,-0.00833000,spot_fee
2021-06-02 21:53:46.960397,CEL,11.90000000,spot_base
2021-06-02 21:53:46.960397,USD,-88.77400000,spot_quote
2021-06-03 06:30:53.481707,CEL,65.30000000,spot_base
2021-06-03 06:30:53.481707,CEL,-0.04571000,spot_fee
2021-06-03 06:30:53.481707,USD,-505.84645000,spot_quote
2021-06-03 06:45:02.479331,CEL,-77.14596000,withdrawal 3472387
2021-08-26 07:53:59.249210,USDT,2577.63728500,deposit 7277160
2021-08-26 07:56:16.846552,SOL,16.00000000,spot_base
2021-08-26 07:56:16.846552,SOL,22.00000000,spot_base
2021-08-26 07:56:16.846552,USDT,-1081.72000000,spot_quote
2021-08-26 07:56:16.846552,USDT,-1487.58500000,spot_quote
2021-08-26 07:56:16.846552,USDT,-0.75720400,spot_fee
2021-08-26 07:56:16.846552,USDT,-1.04130950,spot_fee
2021-08-27 06:21:22.176456,SOL,-0.10000000,withdrawal 4858036
2021-08-27 06:25:10.082015,SOL,-37.90000000,withdrawal 4858102
2021-08-27 20:29:42.503152,SNX,0.83068320,deposit 7330883
2021-08-28 12:53:40.037266,SNX,385.33132832,deposit 7351558
2021-08-28 12:57:31.710759,USD,282.30510000,spot_quote
2021-08-28 12:57:31.710759,USD,161.24460000,spot_quote
2021-08-28 12:57:31.710759,USD,4272.80700000,spot_quote
2021-08-28 12:57:31.710759,SNX,-23.10000000,spot_base
2021-08-28 12:57:31.710759,SNX,-13.20000000,spot_base
2021-08-28 12:57:31.710759,SNX,-349.80000000,spot_base
2021-08-28 12:57:31.710759,USD,-0.19761357,spot_fee
2021-08-28 12:57:31.710759,USD,-0.11287122,spot_fee
2021-08-28 12:57:31.710759,USD,-2.99096490,spot_fee
2021-08-28 13:00:40.587613,USD,-2995.00000000,withdrawal 4894040
2021-08-28 13:05:01.203610,USDT,-0.00453810,spot_fee
2021-08-28 13:05:01.203610,USDT,-6.48300000,spot_quote
2021-08-28 13:05:01.203610,ETH,0.00200000,spot_base
2021-08-28 13:25:06.288061,ETH,0.15800000,spot_base
2021-08-28 13:25:06.288061,ETH,-0.00003160,spot_fee
2021-08-28 13:25:06.288061,USD,-510.34000000,spot_quote
2021-08-28 13:39:10.109017,CEL,3.37470000,deposit 7352836
2021-08-28 13:54:38.565228,CEL,1978.37470000,deposit 7353146
2021-08-28 19:45:55.124635,CEL,-198.10000000,spot_base
2021-08-28 19:45:55.124635,CEL,-247.90000000,spot_base
2021-08-28 19:45:55.124635,USD,-0.23375800,spot_fee
2021-08-28 19:45:55.124635,USD,-0.29351360,spot_fee
2021-08-28 19:45:55.124635,USD,1168.79000000,spot_quote
2021-08-28 19:45:55.124635,USD,1467.56800000,spot_quote
2021-08-28 19:57:37.945472,USD,1678.05000000,spot_quote
2021-08-28 19:57:37.945472,USD,1904.22000000,spot_quote
2021-08-28 19:57:37.945472,USD,2374.26900000,spot_quote
2021-08-28 19:57:37.945472,USD,3205.28000000,spot_quote
2021-08-28 19:57:37.945472,USD,-0.33561000,spot_fee
2021-08-28 19:57:37.945472,USD,-0.38084400,spot_fee
2021-08-28 19:57:37.945472,USD,-0.47485380,spot_fee
2021-08-28 19:57:37.945472,USD,-0.64105600,spot_fee
2021-08-28 19:57:37.945472,CEL,-282.50000000,spot_base
2021-08-28 19:57:37.945472,CEL,-319.50000000,spot_base
2021-08-28 19:57:37.945472,CEL,-397.70000000,spot_base
2021-08-28 19:57:37.945472,CEL,-536.00000000,spot_base
2021-08-28 20:04:18.955083,ETH,0.50700000,spot_base
2021-08-28 20:04:18.955083,USD,-1.14622053,spot_fee
2021-08-28 20:04:18.955083,USD,-1637.45790000,spot_quote
2021-08-28 20:07:32.627522,ETH,0.00100000,spot_base
2021-08-28 20:07:32.627522,USD,-0.00226338,spot_fee
2021-08-28 20:07:32.627522,USD,-3.23340000,spot_quote
2021-08-29 03:27:12.084729,ETH,-0.00006900,spot_fee
2021-08-29 03:27:12.084729,ETH,-0.00010120,spot_fee
2021-08-29 03:27:12.084729,ETH,-0.00013980,spot_fee
2021-08-29 03:27:12.084729,ETH,0.34500000,spot_base
2021-08-29 03:27:12.084729,ETH,0.50600000,spot_base
2021-08-29 03:27:12.084729,ETH,0.69900000,spot_base
2021-08-29 03:27:12.084729,USD,-1099.86000000,spot_quote
2021-08-29 03:27:12.084729,USD,-1598.96000000,spot_quote
2021-08-29 03:27:12.084729,USD,-2187.87000000,spot_quote
2021-08-29 05:27:52.725112,USD,-6470.13120000,spot_quote
2021-08-29 05:27:52.725112,ETH,2.02800000,spot_base
2021-08-29 05:27:52.725112,USD,-4.52909184,spot_fee
2021-08-29 05:29:43.396425,ETH,-4.24565840,withdrawal 4912358
2021-09-03 10:09:39.369263,CEL,15.77280000,deposit 7662136
2021-09-03 10:14:38.910750,CEL,1849.84220000,deposit 7662312
2021-09-03 11:38:27.920604,USD,125.01000000,spot_quote
2021-09-03 11:38:27.920604,USD,1.25000000,spot_quote
2021-09-03 11:38:27.920604,USD,3.12425000,spot_quote
2021-09-03 11:38:27.920604,USD,19.99040000,spot_quote
2021-09-03 11:38:27.920604,USD,31.23000000,spot_quote
2021-09-03 11:38:27.920604,USD,6.24500000,spot_quote
2021-09-03 11:38:27.920604,USD,1998.40000000,spot_quote
2021-09-03 11:38:27.920604,USD,901.00920000,spot_quote
2021-09-03 11:38:27.920604,CEL,-20.00000000,spot_base
2021-09-03 11:38:27.920604,CEL,-0.20000000,spot_base
2021-09-03 11:38:27.920604,CEL,-0.50000000,spot_base
2021-09-03 11:38:27.920604,CEL,-3.20000000,spot_base
2021-09-03 11:38:27.920604,CEL,-5.00000000,spot_base
2021-09-03 11:38:27.920604,CEL,-1.00000000,spot_base
2021-09-03 11:38:27.920604,CEL,-320.00000000,spot_base
2021-09-03 11:38:27.920604,CEL,-144.30000000,spot_base
2021-09-03 11:38:27.920604,USD,-0.08750700,spot_fee
2021-09-03 11:38:27.920604,USD,-0.00087500,spot_fee
2021-09-03 11:38:27.920604,USD,-0.00218698,spot_fee
2021-09-03 11:38:27.920604,USD,-0.01399328,spot_fee
2021-09-03 11:38:27.920604,USD,-0.02186100,spot_fee
2021-09-03 11:38:27.920604,USD,-0.00437150,spot_fee
2021-09-03 11:38:27.920604,USD,-1.39888000,spot_fee
2021-09-03 11:38:27.920604,USD,-0.63070644,spot_fee
2021-09-03 11:39:51.075834,USD,-3082.60639800,spot_quote
2021-09-03 11:39:51.075834,USDT,3081.99000000,spot_base
2021-09-03 11:39:51.075834,USD,-2.15782448,spot_fee
2021-09-03 11:42:30.212997,USDT,-10.00000000,withdrawal 5100536
2021-09-03 11:47:12.534973,USDT,-3072.03623340,withdrawal 5100669
2021-09-03 12:58:21.885329,CEL,-186.50000000,spot_base
2021-09-03 12:58:21.885329,USD,1193.60000000,spot_quote
2021-09-03 12:58:21.885329,USD,-0.23872000,spot_fee
2021-09-03 12:58:35.925385,USD,-0.32482200,spot_fee
2021-09-03 12:58:35.925385,USD,-0.56030000,spot_fee
2021-09-03 12:58:35.925385,USD,1624.11000000,spot_quote
2021-09-03 12:58:35.925385,USD,2801.50000000,spot_quote
2021-09-03 12:58:35.925385,CEL,-251.80000000,spot_base
2021-09-03 12:58:35.925385,CEL,-431.00000000,spot_base
2021-09-03 13:00:59.401270,USD,-0.00045147,spot_fee
2021-09-03 13:00:59.401270,USD,-0.16432052,spot_fee
2021-09-03 13:00:59.401270,USD,-0.74169949,spot_fee
2021-09-03 13:00:59.401270,USD,-0.00090272,spot_fee
2021-09-03 13:00:59.401270,USD,-0.00270816,spot_fee
2021-09-03 13:00:59.401270,USD,-0.09659104,spot_fee
2021-09-03 13:00:59.401270,USD,-0.00090258,spot_fee
2021-09-03 13:00:59.401270,USD,-0.00451150,spot_fee
2021-09-03 13:00:59.401270,USD,-0.00045112,spot_fee
2021-09-03 13:00:59.401270,CEL,-0.10000000,spot_base
2021-09-03 13:00:59.401270,CEL,-36.40000000,spot_base
2021-09-03 13:00:59.401270,CEL,-164.30000000,spot_base
2021-09-03 13:00:59.401270,CEL,-0.20000000,spot_base
2021-09-03 13:00:59.401270,CEL,-0.60000000,spot_base
2021-09-03 13:00:59.401270,CEL,-21.40000000,spot_base
2021-09-03 13:00:59.401270,CEL,-0.20000000,spot_base
2021-09-03 13:00:59.401270,CEL,-1.00000000,spot_base
2021-09-03 13:00:59.401270,CEL,-0.10000000,spot_base
2021-09-03 13:00:59.401270,USD,0.64495000,spot_quote
2021-09-03 13:00:59.401270,USD,234.74360000,spot_quote
2021-09-03 13:00:59.401270,USD,1059.57070000,spot_quote
2021-09-03 13:00:59.401270,USD,1.28960000,spot_quote
2021-09-03 13:00:59.401270,USD,3.86880000,spot_quote
2021-09-03 13:00:59.401270,USD,137.98720000,spot_quote
2021-09-03 13:00:59.401270,USD,1.28940000,spot_quote
2021-09-03 13:00:59.401270,USD,6.44500000,spot_quote
2021-09-03 13:00:59.401270,USD,0.64445000,spot_quote
2021-09-03 13:00:59.401270,CEL,-28.80000000,spot_base
2021-09-03 13:00:59.401270,CEL,-77.50000000,spot_base
2021-09-03 13:00:59.401270,CEL,-56.00000000,spot_base
2021-09-03 13:00:59.401270,CEL,-55.00000000,spot_base
2021-09-03 13:00:59.401270,CEL,-21.90000000,spot_base
2021-09-03 13:00:59.401270,CEL,-0.20000000,spot_base
2021-09-03 13:00:59.401270,CEL,-38.40000000,spot_base
2021-09-03 13:00:59.401270,USD,185.58720000,spot_quote
2021-09-03 13:00:59.401270,USD,499.41000000,spot_quote
2021-09-03 13:00:59.401270,USD,360.83600000,spot_quote
2021-09-03 13:00:59.401270,USD,354.39250000,spot_quote
2021-09-03 13:00:59.401270,USD,141.07980000,spot_quote
2021-09-03 13:00:59.401270,USD,1.28830000,spot_quote
2021-09-03 13:00:59.401270,USD,247.29600000,spot_quote
2021-09-03 13:00:59.401270,USD,-0.12991104,spot_fee
2021-09-03 13:00:59.401270,USD,-0.34958700,spot_fee
2021-09-03 13:00:59.401270,USD,-0.25258520,spot_fee
2021-09-03 13:00:59.401270,USD,-0.24807475,spot_fee
2021-09-03 13:00:59.401270,USD,-0.09875586,spot_fee
2021-09-03 13:00:59.401270,USD,-0.00090181,spot_fee
2021-09-03 13:00:59.401270,USD,-0.17310720,spot_fee
2021-09-03 13:01:49.190249,USDT,8843.35000000,spot_base
2021-09-03 13:01:49.190249,USD,-8846.00300500,spot_quote
2021-09-03 13:01:49.190249,USD,-6.19220211,spot_fee
2021-09-03 13:02:20.506247,USDT,-8843.35000000,withdrawal 5103219
2021-09-03 16:42:35.420481,CEL,1600.00000000,deposit 7680247
2021-09-03 16:59:50.434068,USD,-1.27582875,spot_fee
2021-09-03 16:59:50.434068,USD,-0.00044622,spot_fee
2021-09-03 16:59:50.434068,USD,-0.00089236,spot_fee
2021-09-03 16:59:50.434068,USD,-0.00223090,spot_fee
2021-09-03 16:59:50.434068,USD,-0.00446180,spot_fee
2021-09-03 16:59:50.434068,USD,-0.17844400,spot_fee
2021-09-03 16:59:50.434068,USD,-0.09545256,spot_fee
2021-09-03 16:59:50.434068,USD,-0.16503480,spot_fee
2021-09-03 16:59:50.434068,USD,-0.09766743,spot_fee
2021-09-03 16:59:50.434068,USD,-0.00044587,spot_fee
2021-09-03 16:59:50.434068,USD,-0.00222915,spot_fee
2021-09-03 16:59:50.434068,USD,-0.06686925,spot_fee
2021-09-03 16:59:50.434068,USD,-0.00089152,spot_fee
2021-09-03 16:59:50.434068,USD,-0.00089138,spot_fee
2021-09-03 16:59:50.434068,USD,-0.00267414,spot_fee
2021-09-03 16:59:50.434068,USD,-0.01738191,spot_fee
2021-09-03 16:59:50.434068,USD,-0.03476382,spot_fee
2021-09-03 16:59:50.434068,USD,-0.12923995,spot_fee
2021-09-03 16:59:50.434068,USD,-0.62391700,spot_fee
2021-09-03 16:59:50.434068,USD,-0.15909884,spot_fee
2021-09-03 16:59:50.434068,USD,-0.34939352,spot_fee
2021-09-03 16:59:50.434068,USD,-0.01604232,spot_fee
2021-09-03 16:59:50.434068,USD,-0.03520398,spot_fee
2021-09-03 16:59:50.434068,USD,-0.03119340,spot_fee
2021-09-03 16:59:50.434068,USD,-0.00178248,spot_fee
2021-09-03 16:59:50.434068,USD,-0.02807406,spot_fee
2021-09-03 16:59:50.434068,USD,-0.07040796,spot_fee
2021-09-03 16:59:50.434068,USD,-0.01425872,spot_fee
2021-09-03 16:59:50.434068,USD,-0.02227750,spot_fee
2021-09-03 16:59:50.434068,USD,-0.01559425,spot_fee
2021-09-03 16:59:50.434068,USD,-0.00044552,spot_fee
2021-09-03 16:59:50.434068,USD,-0.00490067,spot_fee
2021-09-03 16:59:50.434068,USD,-1.04740577,spot_fee
2021-09-03 16:59:50.434068,USD,-0.01336440,spot_fee
2021-09-03 16:59:50.434068,USD,-0.00222740,spot_fee
2021-09-03 16:59:50.434068,USD,-0.28867104,spot_fee
2021-09-03 16:59:50.434068,USD,-0.12827808,spot_fee
2021-09-03 16:59:50.434068,USD,-0.00089075,spot_fee
2021-09-03 16:59:50.434068,USD,-0.00445340,spot_fee
2021-09-03 16:59:50.434068,USD,-0.00044527,spot_fee
2021-09-03 16:59:50.434068,USD,-0.02226175,spot_fee
2021-09-03 16:59:50.434068,USD,-0.00044517,spot_fee
2021-09-03 16:59:50.434068,USD,-0.24484075,spot_fee
2021-09-03 16:59:50.434068,USD,-0.24929240,spot_fee
2021-09-03 16:59:50.434068,USD,-0.04496167,spot_fee
2021-09-03 16:59:50.434068,USD,-0.03116155,spot_fee
2021-09-03 16:59:50.434068,USD,-0.00222565,spot_fee
2021-09-03 16:59:50.434068,USD,-0.06409872,spot_fee
2021-09-03 16:59:50.434068,USD,-1.39492773,spot_fee
2021-09-03 16:59:50.434068,USD,-0.04449900,spot_fee
2021-09-03 16:59:50.434068,USD,-0.09522786,spot_fee
2021-09-03 16:59:50.434068,USD,-0.00088998,spot_fee
2021-09-03 16:59:50.434068,USD,-0.00044499,spot_fee
2021-09-03 16:59:50.434068,USD,1822.61250000,spot_quote
2021-09-03 16:59:50.434068,USD,0.63745000,spot_quote
2021-09-03 16:59:50.434068,USD,1.27480000,spot_quote
2021-09-03 16:59:50.434068,USD,3.18700000,spot_quote
2021-09-03 16:59:50.434068,USD,6.37400000,spot_quote
2021-09-03 16:59:50.434068,USD,254.92000000,spot_quote
2021-09-03 16:59:50.434068,USD,136.36080000,spot_quote
2021-09-03 16:59:50.434068,USD,235.76400000,spot_quote
2021-09-03 16:59:50.434068,USD,139.52490000,spot_quote
2021-09-03 16:59:50.434068,USD,0.63695000,spot_quote
2021-09-03 16:59:50.434068,USD,3.18450000,spot_quote
2021-09-03 16:59:50.434068,USD,95.52750000,spot_quote
2021-09-03 16:59:50.434068,USD,1.27360000,spot_quote
2021-09-03 16:59:50.434068,USD,1.27340000,spot_quote
2021-09-03 16:59:50.434068,USD,3.82020000,spot_quote
2021-09-03 16:59:50.434068,USD,24.83130000,spot_quote
2021-09-03 16:59:50.434068,USD,49.66260000,spot_quote
2021-09-03 16:59:50.434068,USD,184.62850000,spot_quote
2021-09-03 16:59:50.434068,USD,891.31000000,spot_quote
2021-09-03 16:59:50.434068,USD,227.28405000,spot_quote
2021-09-03 16:59:50.434068,USD,499.13360000,spot_quote
2021-09-03 16:59:50.434068,USD,22.91760000,spot_quote
2021-09-03 16:59:50.434068,USD,50.29140000,spot_quote
2021-09-03 16:59:50.434068,USD,44.56200000,spot_quote
2021-09-03 16:59:50.434068,USD,2.54640000,spot_quote
2021-09-03 16:59:50.434068,USD,40.10580000,spot_quote
2021-09-03 16:59:50.434068,USD,100.58280000,spot_quote
2021-09-03 16:59:50.434068,USD,20.36960000,spot_quote
2021-09-03 16:59:50.434068,USD,31.82500000,spot_quote
2021-09-03 16:59:50.434068,CEL,-285.90000000,spot_base
2021-09-03 16:59:50.434068,CEL,-0.10000000,spot_base
2021-09-03 16:59:50.434068,CEL,-0.20000000,spot_base
2021-09-03 16:59:50.434068,CEL,-0.50000000,spot_base
2021-09-03 16:59:50.434068,CEL,-1.00000000,spot_base
2021-09-03 16:59:50.434068,CEL,-40.00000000,spot_base
2021-09-03 16:59:50.434068,CEL,-21.40000000,spot_base
2021-09-03 16:59:50.434068,CEL,-37.00000000,spot_base
2021-09-03 16:59:50.434068,CEL,-21.90000000,spot_base
2021-09-03 16:59:50.434068,CEL,-0.10000000,spot_base
2021-09-03 16:59:50.434068,CEL,-0.50000000,spot_base
2021-09-03 16:59:50.434068,CEL,-15.00000000,spot_base
2021-09-03 16:59:50.434068,CEL,-0.20000000,spot_base
2021-09-03 16:59:50.434068,CEL,-0.20000000,spot_base
2021-09-03 16:59:50.434068,CEL,-0.60000000,spot_base
2021-09-03 16:59:50.434068,CEL,-3.90000000,spot_base
2021-09-03 16:59:50.434068,CEL,-7.80000000,spot_base
2021-09-03 16:59:50.434068,CEL,-29.00000000,spot_base
2021-09-03 16:59:50.434068,CEL,-140.00000000,spot_base
2021-09-03 16:59:50.434068,CEL,-35.70000000,spot_base
2021-09-03 16:59:50.434068,CEL,-78.40000000,spot_base
2021-09-03 16:59:50.434068,CEL,-3.60000000,spot_base
2021-09-03 16:59:50.434068,CEL,-7.90000000,spot_base
2021-09-03 16:59:50.434068,CEL,-7.00000000,spot_base
2021-09-03 16:59:50.434068,CEL,-0.40000000,spot_base
2021-09-03 16:59:50.434068,CEL,-6.30000000,spot_base
2021-09-03 16:59:50.434068,CEL,-15.80000000,spot_base
2021-09-03 16:59:50.434068,CEL,-3.20000000,spot_base
2021-09-03 16:59:50.434068,CEL,-5.00000000,spot_base
2021-09-03 16:59:50.434068,USD,22.27750000,spot_quote
2021-09-03 16:59:50.434068,USD,0.63645000,spot_quote
2021-09-03 16:59:50.434068,USD,7.00095000,spot_quote
2021-09-03 16:59:50.434068,USD,1496.29395000,spot_quote
2021-09-03 16:59:50.434068,USD,19.09200000,spot_quote
2021-09-03 16:59:50.434068,USD,3.18200000,spot_quote
2021-09-03 16:59:50.434068,USD,412.38720000,spot_quote
2021-09-03 16:59:50.434068,USD,183.25440000,spot_quote
2021-09-03 16:59:50.434068,USD,1.27250000,spot_quote
2021-09-03 16:59:50.434068,USD,6.36200000,spot_quote
2021-09-03 16:59:50.434068,USD,0.63610000,spot_quote
2021-09-03 16:59:50.434068,USD,31.80250000,spot_quote
2021-09-03 16:59:50.434068,USD,0.63595000,spot_quote
2021-09-03 16:59:50.434068,USD,349.77250000,spot_quote
2021-09-03 16:59:50.434068,USD,356.13200000,spot_quote
2021-09-03 16:59:50.434068,USD,64.23095000,spot_quote
2021-09-03 16:59:50.434068,USD,44.51650000,spot_quote
2021-09-03 16:59:50.434068,USD,3.17950000,spot_quote
2021-09-03 16:59:50.434068,USD,91.56960000,spot_quote
2021-09-03 16:59:50.434068,USD,1992.75390000,spot_quote
2021-09-03 16:59:50.434068,USD,63.57000000,spot_quote
2021-09-03 16:59:50.434068,USD,136.03980000,spot_quote
2021-09-03 16:59:50.434068,USD,1.27140000,spot_quote
2021-09-03 16:59:50.434068,USD,0.63570000,spot_quote
2021-09-03 16:59:50.434068,CEL,-3.50000000,spot_base
2021-09-03 16:59:50.434068,CEL,-0.10000000,spot_base
2021-09-03 16:59:50.434068,CEL,-1.10000000,spot_base
2021-09-03 16:59:50.434068,CEL,-235.10000000,spot_base
2021-09-03 16:59:50.434068,CEL,-3.00000000,spot_base
2021-09-03 16:59:50.434068,CEL,-0.50000000,spot_base
2021-09-03 16:59:50.434068,CEL,-64.80000000,spot_base
2021-09-03 16:59:50.434068,CEL,-28.80000000,spot_base
2021-09-03 16:59:50.434068,CEL,-0.20000000,spot_base
2021-09-03 16:59:50.434068,CEL,-1.00000000,spot_base
2021-09-03 16:59:50.434068,CEL,-0.10000000,spot_base
2021-09-03 16:59:50.434068,CEL,-5.00000000,spot_base
2021-09-03 16:59:50.434068,CEL,-0.10000000,spot_base
2021-09-03 16:59:50.434068,CEL,-55.00000000,spot_base
2021-09-03 16:59:50.434068,CEL,-56.00000000,spot_base
2021-09-03 16:59:50.434068,CEL,-10.10000000,spot_base
2021-09-03 16:59:50.434068,CEL,-7.00000000,spot_base
2021-09-03 16:59:50.434068,CEL,-0.50000000,spot_base
2021-09-03 16:59:50.434068,CEL,-14.40000000,spot_base
2021-09-03 16:59:50.434068,CEL,-313.40000000,spot_base
2021-09-03 16:59:50.434068,CEL,-10.00000000,spot_base
2021-09-03 16:59:50.434068,CEL,-21.40000000,spot_base
2021-09-03 16:59:50.434068,CEL,-0.20000000,spot_base
2021-09-03 16:59:50.434068,CEL,-0.10000000,spot_base
2021-09-03 17:01:05.015295,USDT,7.11000000,spot_base
2021-09-03 17:01:05.015295,USD,-0.00497999,spot_fee
2021-09-03 17:01:05.015295,USD,-7.11426600,spot_quote
2021-09-03 17:01:45.429371,USDT,10157.47000000,spot_base
2021-09-03 17:01:45.429371,USD,-7.11449514,spot_fee
2021-09-03 17:01:45.429371,USD,-10163.56448200,spot_quote
2021-09-03 17:02:26.896869,USDT,-10164.58000000,withdrawal 5112462